"id";"SR";"max_max";"max_sum";"mean_sum";"mean_mean";"wemean_mean";"max.sum_sum"
"38";1;3;3;1,73076923076923;1,73076923076923;1,93576923076923;18
"39";2;3;3;1,73076923076923;1,73076923076923;1,93576923076923;18
"40";1;3;3;1,73076923076923;1,73076923076923;1,93576923076923;18
"55";1;3;3;1,73076923076923;1,73076923076923;1,93576923076923;18
"56";1;3;3;1,73076923076923;1,73076923076923;1,93576923076923;18
"74";3;3;6;4,23076923076923;2,11538461538462;2,10288461538462;26
"94";4;3;12;6,81063034188034;1,70265758547009;1,85628605769231;53
"95";2;3;3;1,73076923076923;1,73076923076923;1,93576923076923;18
"112";1;3;3;1,73076923076923;1,73076923076923;1,93576923076923;18
"114";5;3;12;7,31063034188034;1,82765758547009;1,92378605769231;51
"115";5;3;12;8,34188034188034;2,08547008547009;2,06394230769231;42
"129";4;3;12;6,81063034188034;1,70265758547009;1,85628605769231;53
"135";1;3;3;1,73076923076923;1,73076923076923;1,93576923076923;18
"136";5;3;15;9,19036519036519;1,83807303807304;1,93271445221445;61
"137";2;3;6;2,84188034188034;1,42094017094017;1,72288461538462;28
"149";2;3;6;3,19951923076923;1,59975961538462;1,82257211538462;35
"150";2;3;3;1,73076923076923;1,73076923076923;1,93576923076923;18
"151";3;3;9;5,07986111111111;1,69328703703704;1,82979166666667;35
"152";3;3;9;5,69951923076923;1,89983974358974;1,97171474358974;43
"175";4;3;9;5,69951923076923;1,89983974358974;1,97171474358974;43
"177";1;3;3;1,11111111111111;1,11111111111111;1,51;10
"185";3;3;9;4,31063034188034;1,43687678062678;1,71838141025641;45
"186";3;3;9;4,31063034188034;1,43687678062678;1,71838141025641;45
"211";2;3;6;3,19951923076923;1,59975961538462;1,82257211538462;35
"212";3;3;9;4,31063034188034;1,43687678062678;1,71838141025641;45
"213";7;3;18;11,6591151903652;1,94318586506087;1,98090787684538;75
"214";4;3;12;6,15911519036519;1,5397787975913;1,76886181526807;61
"239";4;3;12;6,81063034188034;1,70265758547009;1,85628605769231;53
"240";4;3;12;6,81063034188034;1,70265758547009;1,85628605769231;53
"241";5;3;12;6,81063034188034;1,70265758547009;1,85628605769231;53
"242";5;3;12;6,81063034188034;1,70265758547009;1,85628605769231;53
"243";4;3;10;5,31063034188034;1,32765758547009;1,65378605769231;46
"244";2;3;3;1,73076923076923;1,73076923076923;1,93576923076923;18
"267";1;3;3;1,46875;1,46875;1,709375;17
"268";3;3;6;3,96875;1,984375;1,9896875;25
"269";4;3;12;8,69951923076923;2,17487980769231;2,11378605769231;49
"270";3;3;9;5,69951923076923;1,89983974358974;1,97171474358974;43
"271";3;3;9;5,69951923076923;1,89983974358974;1,97171474358974;43
"272";4;3;12;6,81063034188034;1,70265758547009;1,85628605769231;53
"273";3;3;9;5,69951923076923;1,89983974358974;1,97171474358974;43
"274";4;3;12;8,69951923076923;2,17487980769231;2,11378605769231;49
"275";4;3;12;6,81063034188034;1,70265758547009;1,85628605769231;53
"276";6;3;15;8,65911519036519;1,73182303807304;1,86908945221445;69
"277";4;3;12;6,81063034188034;1,70265758547009;1,85628605769231;53
"278";4;3;9;5,69951923076923;1,89983974358974;1,97171474358974;43
"279";3;3;6;3,19951923076923;1,59975961538462;1,82257211538462;35
"302";1;3;3;1,73076923076923;1,73076923076923;1,93576923076923;18
"304";1;3;3;1,46875;1,46875;1,709375;17
"307";3;3;6;3,96875;1,984375;1,9896875;25
"308";6;3;15;9,81063034188034;1,96212606837607;1,99302884615385;59
"309";7;3;15;9,81063034188034;1,96212606837607;1,99302884615385;59
"310";5;3;12;6,81063034188034;1,70265758547009;1,85628605769231;53
"311";3;3;9;6,07925407925408;2,02641802641803;2,04202408702409;42
"313";3;3;9;5,69951923076923;1,89983974358974;1,97171474358974;43
"314";4;3;12;8,69951923076923;2,17487980769231;2,11378605769231;49
"315";3;3;9;4,31063034188034;1,43687678062678;1,71838141025641;45
"316";4;3;12;6,81063034188034;1,70265758547009;1,85628605769231;53
"317";5;3;15;9,81063034188034;1,96212606837607;1,99302884615385;59
"318";4;3;12;6,81063034188034;1,70265758547009;1,85628605769231;53
"319";5;3;15;8,65911519036519;1,73182303807304;1,86908945221445;69
"320";1;3;3;1,11111111111111;1,11111111111111;1,51;10
"321";1;3;3;1,11111111111111;1,11111111111111;1,51;10
"343";1;3;3;3;3;2,54;6
"344";1;3;3;1,73076923076923;1,73076923076923;1,93576923076923;18
"345";4;3;9;5,69951923076923;1,89983974358974;1,97171474358974;43
"346";3;3;9;5,69951923076923;1,89983974358974;1,97171474358974;43
"347";3;3;9;7,23076923076923;2,41025641025641;2,24858974358974;32
"348";4;3;12;8,69951923076923;2,17487980769231;2,11378605769231;49
"349";3;3;9;6,19951923076923;2,06650641025641;2,06171474358974;41
"350";5;3;12;8,69951923076923;2,17487980769231;2,11378605769231;49
"351";8;3;19;12,3106303418803;1,75866147741148;1,88323489010989;71
"352";9;3;22;14,5341151903652;1,81676439879565;1,9096913243007;94
"353";4;3;9;5,69951923076923;1,89983974358974;1,97171474358974;43
"354";3;3;9;5,69951923076923;1,89983974358974;1,97171474358974;43
"355";3;3;9;5,69951923076923;1,89983974358974;1,97171474358974;43
"356";3;3;9;4,31063034188034;1,43687678062678;1,71838141025641;45
"357";3;3;9;5,69951923076923;1,89983974358974;1,97171474358974;43
"358";4;3;12;7,54800407925408;1,88700101981352;1,95886181526807;59
"359";2;3;6;3,96875;1,984375;1,9896875;25
"360";3;3;9;5,69951923076923;1,89983974358974;1,97171474358974;43
"361";5;3;12;6,81063034188034;1,70265758547009;1,85628605769231;53
"362";1;3;3;1,73076923076923;1,73076923076923;1,93576923076923;18
"387";1;3;3;2,5;2,5;2,27;8
"391";1;3;3;1,73076923076923;1,73076923076923;1,93576923076923;18
"392";4;3;12;8,69951923076923;2,17487980769231;2,11378605769231;49
"393";8;3;19;12,6591151903652;1,80844502719503;1,90649246586747;76
"394";10;3;22;14,1591151903652;1,76988939879565;1,88786840763403;87
"395";9;3;22;15,6856303418803;1,96070379273504;2,04340344551282;84
"396";6;3;15;9,81063034188034;1,96212606837607;1,99302884615385;59
"397";4;3;12;8,69951923076923;2,17487980769231;2,11378605769231;49
"398";3;3;9;5,69951923076923;1,89983974358974;1,97171474358974;43
"399";4;3;12;8,69951923076923;2,17487980769231;2,11378605769231;49
"400";2;3;6;3,19951923076923;1,59975961538462;1,82257211538462;35
"401";5;3;12;6,15911519036519;1,5397787975913;1,76886181526807;61
"402";2;3;6;3,19951923076923;1,59975961538462;1,82257211538462;35
"403";3;3;9;5,69951923076923;1,89983974358974;1,97171474358974;43
"404";5;3;15;9,81063034188034;1,96212606837607;1,99302884615385;59
"405";4;3;12;6,81063034188034;1,70265758547009;1,85628605769231;53
"406";3;3;9;5,69951923076923;1,89983974358974;1,97171474358974;43
"429";2;3;6;5,5;2,75;2,405;14
"431";1;3;3;3;3;2,54;6
"432";1;3;3;2,5;2,5;2,27;8
"433";3;3;9;5,69951923076923;1,89983974358974;1,97171474358974;43
"434";6;3;13;8,31063034188034;1,66212606837607;1,83102884615385;52
"435";8;3;19;12,6591151903652;1,80844502719503;1,90649246586747;76
"436";5;3;12;8,69951923076923;2,17487980769231;2,11378605769231;49
"437";6;3;15;9,81063034188034;1,96212606837607;1,99302884615385;59
"438";5;3;15;9,81063034188034;1,96212606837607;1,99302884615385;59
"441";1;3;3;1,73076923076923;1,73076923076923;1,93576923076923;18
"442";4;3;12;7,31063034188034;1,82765758547009;1,92378605769231;51
"444";2;3;6;3,19951923076923;1,59975961538462;1,82257211538462;35
"445";3;3;9;5,69951923076923;1,89983974358974;1,97171474358974;43
"446";4;3;12;6,81063034188034;1,70265758547009;1,85628605769231;53
"447";5;3;13;7,81063034188034;1,56212606837607;1,77702884615385;54
"448";2;3;6;3,19951923076923;1,59975961538462;1,82257211538462;35
"474";1;3;3;1,46875;1,46875;1,709375;17
"476";4;3;12;7,31063034188034;1,82765758547009;1,92378605769231;51
"477";3;3;7;5,23076923076923;1,74358974358974;1,88858974358974;27
"478";4;3;9;6,19951923076923;2,06650641025641;2,06171474358974;41
"479";7;3;18;11,6591151903652;1,94318586506087;1,98090787684538;75
"480";2;3;6;4,46875;2,234375;2,1246875;23
"485";2;3;6;3,19951923076923;1,59975961538462;1,82257211538462;35
"486";2;3;6;3,19951923076923;1,59975961538462;1,82257211538462;35
"487";4;3;12;6,81063034188034;1,70265758547009;1,85628605769231;53
"488";3;3;9;4,31063034188034;1,43687678062678;1,71838141025641;45
"514";1;3;3;2,5;2,5;2,27;8
"515";1;3;3;1,46875;1,46875;1,709375;17
"516";1;3;3;3;3;2,54;6
"520";1;3;3;1,46875;1,46875;1,709375;17
"521";1;3;3;3;3;2,54;6
"523";3;3;9;6,19951923076923;2,06650641025641;2,06171474358974;41
"527";1;3;3;3;3;2,54;6
"530";1;3;3;1,46875;1,46875;1,709375;17
"531";3;3;9;4,31063034188034;1,43687678062678;1,71838141025641;45
"532";2;3;6;3,19951923076923;1,59975961538462;1,82257211538462;35
"533";4;3;12;6,81063034188034;1,70265758547009;1,85628605769231;53
"534";2;3;6;2,84188034188034;1,42094017094017;1,72288461538462;28
"571";1;3;3;1,11111111111111;1,11111111111111;1,51;10
"573";1;3;3;3;3;2,54;6
"576";1;3;3;1,46875;1,46875;1,709375;17
"577";1;3;3;1,46875;1,46875;1,709375;17
"579";2;3;6;4,46875;2,234375;2,1246875;23
"580";1;3;3;1,46875;1,46875;1,709375;17
"581";3;3;9;5,69951923076923;1,89983974358974;1,97171474358974;43
"582";3;3;9;5,69951923076923;1,89983974358974;1,97171474358974;43
"583";3;3;9;5,69951923076923;1,89983974358974;1,97171474358974;43
"584";2;3;6;3,19951923076923;1,59975961538462;1,82257211538462;35
"585";2;3;6;3,19951923076923;1,59975961538462;1,82257211538462;35
"586";1;3;3;1,73076923076923;1,73076923076923;1,93576923076923;18
"618";1;3;3;3;3;2,54;6
"629";2;3;6;2,84188034188034;1,42094017094017;1,72288461538462;28
"630";1;3;3;1,46875;1,46875;1,709375;17
"632";5;3;15;9,81063034188034;1,96212606837607;1,99302884615385;59
"633";2;3;6;3,19951923076923;1,59975961538462;1,82257211538462;35
"634";2;3;6;3,19951923076923;1,59975961538462;1,82257211538462;35
"635";2;3;6;3,19951923076923;1,59975961538462;1,82257211538462;35
"636";3;3;9;4,31063034188034;1,43687678062678;1,71838141025641;45
"637";1;3;3;1,73076923076923;1,73076923076923;1,93576923076923;18
"638";1;3;3;1,73076923076923;1,73076923076923;1,93576923076923;18
"678";2;3;6;4,46875;2,234375;2,1246875;23
"679";2;3;6;4,46875;2,234375;2,1246875;23
"681";1;3;3;1,46875;1,46875;1,709375;17
"683";1;3;3;1,46875;1,46875;1,709375;17
"684";2;3;6;3,19951923076923;1,59975961538462;1,82257211538462;35
"685";2;3;6;3,19951923076923;1,59975961538462;1,82257211538462;35
"686";2;3;6;3,19951923076923;1,59975961538462;1,82257211538462;35
"687";2;3;6;3,19951923076923;1,59975961538462;1,82257211538462;35
"688";3;3;9;5,69951923076923;1,89983974358974;1,97171474358974;43
"689";5;3;13;7,81063034188034;1,56212606837607;1,77702884615385;54
"690";3;3;9;5,69951923076923;1,89983974358974;1,97171474358974;43
"691";3;3;9;5,69951923076923;1,89983974358974;1,97171474358974;43
"692";1;3;3;1,73076923076923;1,73076923076923;1,93576923076923;18
"728";1;3;3;1,46875;1,46875;1,709375;17
"730";1;3;3;1,46875;1,46875;1,709375;17
"731";1;3;3;1,46875;1,46875;1,709375;17
"732";1;3;3;1,46875;1,46875;1,709375;17
"733";1;3;3;1,46875;1,46875;1,709375;17
"734";1;3;3;1,46875;1,46875;1,709375;17
"735";1;3;3;1,46875;1,46875;1,709375;17
"736";2;3;6;3,19951923076923;1,59975961538462;1,82257211538462;35
"737";2;3;6;3,19951923076923;1,59975961538462;1,82257211538462;35
"738";1;3;3;1,73076923076923;1,73076923076923;1,93576923076923;18
"740";1;3;3;1,73076923076923;1,73076923076923;1,93576923076923;18
"741";5;3;12;6,18563034188034;1,54640758547009;1,77180689102564;63
"742";3;3;9;5,04800407925408;1,68266802641803;1,85514908702409;51
"743";1;3;3;1,73076923076923;1,73076923076923;1,93576923076923;18
"744";1;3;3;1,73076923076923;1,73076923076923;1,93576923076923;18
"745";1;3;3;1,73076923076923;1,73076923076923;1,93576923076923;18
"746";1;3;3;1,73076923076923;1,73076923076923;1,93576923076923;18
"785";1;3;3;1,46875;1,46875;1,709375;17
"786";2;3;6;4,46875;2,234375;2,1246875;23
"787";3;3;9;5,69951923076923;1,89983974358974;1,97171474358974;43
"789";2;3;6;3,19951923076923;1,59975961538462;1,82257211538462;35
"790";2;3;6;3,19951923076923;1,59975961538462;1,82257211538462;35
"791";3;3;9;5,69951923076923;1,89983974358974;1,97171474358974;43
"792";2;3;6;3,19951923076923;1,59975961538462;1,82257211538462;35
"793";3;3;9;6,19951923076923;2,06650641025641;2,06171474358974;41
"794";2;3;6;3,19951923076923;1,59975961538462;1,82257211538462;35
"797";1;3;3;1,73076923076923;1,73076923076923;1,93576923076923;18
"805";1;3;3;1,5;1,5;1,7575;11
"841";1;3;3;1,46875;1,46875;1,709375;17
"842";2;3;6;4,46875;2,234375;2,1246875;23
"843";3;3;9;6,19951923076923;2,06650641025641;2,06171474358974;41
"844";3;3;9;5,69951923076923;1,89983974358974;1,97171474358974;43
"845";3;3;7;4,19951923076923;1,39983974358974;1,70171474358974;36
"846";3;3;7;4,19951923076923;1,39983974358974;1,70171474358974;36
"847";2;3;6;3,19951923076923;1,59975961538462;1,82257211538462;35
"848";1;3;3;1,46875;1,46875;1,709375;17
"849";2;3;6;3,19951923076923;1,59975961538462;1,82257211538462;35
"850";1;3;3;1,46875;1,46875;1,709375;17
"851";2;3;6;3,19951923076923;1,59975961538462;1,82257211538462;35
"853";2;3;6;3,19951923076923;1,59975961538462;1,82257211538462;35
"854";3;3;6;3,19951923076923;1,59975961538462;1,82257211538462;35
"855";2;3;6;2,84188034188034;1,42094017094017;1,72288461538462;28
"857";1;3;3;1,73076923076923;1,73076923076923;1,93576923076923;18
"861";1;3;3;1,875;1,875;1,93208333333333;18
"862";2;3;6;3,375;1,6875;1,84479166666667;29
"900";1;3;3;3;3;2,54;6
"902";1;3;3;1,46875;1,46875;1,709375;17
"903";4;3;12;8,69951923076923;2,17487980769231;2,11378605769231;49
"904";1;3;3;1,46875;1,46875;1,709375;17
"905";2;3;6;3,19951923076923;1,59975961538462;1,82257211538462;35
"906";1;3;3;1,46875;1,46875;1,709375;17
"907";3;3;9;5,69951923076923;1,89983974358974;1,97171474358974;43
"908";2;3;6;3,19951923076923;1,59975961538462;1,82257211538462;35
"909";2;3;6;3,19951923076923;1,59975961538462;1,82257211538462;35
"910";1;3;3;1,46875;1,46875;1,709375;17
"912";2;3;6;3,19951923076923;1,59975961538462;1,82257211538462;35
"914";3;3;9;4,31063034188034;1,43687678062678;1,71838141025641;45
"915";2;3;6;3,19951923076923;1,59975961538462;1,82257211538462;35
"916";5;3;15;8,65911519036519;1,73182303807304;1,86908945221445;69
"917";2;3;6;3,57925407925408;1,78962703962704;1,92803613053613;34
"918";1;3;3;1,73076923076923;1,73076923076923;1,93576923076923;18
"919";1;3;3;1,73076923076923;1,73076923076923;1,93576923076923;18
"921";1;3;3;1,5;1,5;1,7575;11
"964";2;3;6;4,46875;2,234375;2,1246875;23
"965";2;3;6;4,46875;2,234375;2,1246875;23
"966";2;3;6;4,46875;2,234375;2,1246875;23
"967";2;3;6;4,46875;2,234375;2,1246875;23
"969";3;3;9;5,69951923076923;1,89983974358974;1,97171474358974;43
"970";3;3;9;5,69951923076923;1,89983974358974;1,97171474358974;43
"971";2;3;6;3,19951923076923;1,59975961538462;1,82257211538462;35
"972";2;3;6;3,19951923076923;1,59975961538462;1,82257211538462;35
"973";2;3;6;3,19951923076923;1,59975961538462;1,82257211538462;35
"974";2;3;6;3,19951923076923;1,59975961538462;1,82257211538462;35
"975";1;3;3;1,73076923076923;1,73076923076923;1,93576923076923;18
"976";3;3;6;3,19951923076923;1,59975961538462;1,82257211538462;35
"977";2;3;6;3,19951923076923;1,59975961538462;1,82257211538462;35
"978";4;3;9;4,69036519036519;1,56345506345506;1,78869075369075;44
"979";1;3;3;1,73076923076923;1,73076923076923;1,93576923076923;18
"980";1;3;3;1,73076923076923;1,73076923076923;1,93576923076923;18
"1020";2;3;3;3;3;2,54;6
"1024";3;3;6;3,19951923076923;1,59975961538462;1,82257211538462;35
"1025";5;3;12;7,31063034188034;1,82765758547009;1,92378605769231;51
"1028";5;3;13;7,81063034188034;1,56212606837607;1,77702884615385;54
"1029";4;3;12;6,81063034188034;1,70265758547009;1,85628605769231;53
"1030";4;3;12;6,81063034188034;1,70265758547009;1,85628605769231;53
"1031";3;3;9;4,31063034188034;1,43687678062678;1,71838141025641;45
"1032";1;3;3;1,73076923076923;1,73076923076923;1,93576923076923;18
"1033";3;3;9;6,19951923076923;2,06650641025641;2,06171474358974;41
"1034";2;3;6;3,19951923076923;1,59975961538462;1,82257211538462;35
"1035";3;3;9;4,69036519036519;1,56345506345506;1,78869075369075;44
"1037";2;3;6;3,57925407925408;1,78962703962704;1,92803613053613;34
"1038";1;3;3;1,5;1,5;1,7575;11
"1039";1;3;3;1,5;1,5;1,7575;11
"1042";1;1;1;1;1;1,46;1
"1076";1;3;3;1,46875;1,46875;1,709375;17
"1080";1;3;3;1,46875;1,46875;1,709375;17
"1082";2;3;6;3,19951923076923;1,59975961538462;1,82257211538462;35
"1083";5;3;15;8,65911519036519;1,73182303807304;1,86908945221445;69
"1084";5;3;12;6,81063034188034;1,70265758547009;1,85628605769231;53
"1085";7;3;16;9,65911519036519;1,60985253172753;1,80090787684538;70
"1086";6;3;15;8,65911519036519;1,73182303807304;1,86908945221445;69
"1087";2;3;6;3,19951923076923;1,59975961538462;1,82257211538462;35
"1088";1;3;3;1,73076923076923;1,73076923076923;1,93576923076923;18
"1089";3;3;6;4,23076923076923;2,11538461538462;2,10288461538462;26
"1090";2;3;6;3,57925407925408;1,78962703962704;1,92803613053613;34
"1092";2;3;6;3,375;1,6875;1,84479166666667;29
"1095";3;3;7;4,34848484848485;1,44949494949495;1,71260101010101;28
"1130";1;3;3;1,46875;1,46875;1,709375;17
"1131";1;3;3;1,46875;1,46875;1,709375;17
"1132";1;3;3;1,46875;1,46875;1,709375;17
"1135";4;3;12;6,81063034188034;1,70265758547009;1,85628605769231;53
"1136";4;3;12;6,81063034188034;1,70265758547009;1,85628605769231;53
"1137";5;3;15;9,81063034188034;1,96212606837607;1,99302884615385;59
"1138";4;3;12;6,81063034188034;1,70265758547009;1,85628605769231;53
"1139";10;3;19;12,6591151903652;1,80844502719503;1,90649246586747;76
"1140";3;3;9;5,34188034188034;1,78062678062678;1,90525641025641;36
"1141";1;3;3;1,73076923076923;1,73076923076923;1,93576923076923;18
"1142";3;3;6;3,60576923076923;1,80288461538462;1,93392628205128;36
"1147";1;3;3;1,875;1,875;1,93208333333333;18
"1182";1;3;3;1,46875;1,46875;1,709375;17
"1186";2;3;6;3,19951923076923;1,59975961538462;1,82257211538462;35
"1187";3;3;9;4,31063034188034;1,43687678062678;1,71838141025641;45
"1188";3;3;9;4,31063034188034;1,43687678062678;1,71838141025641;45
"1189";4;3;9;4,31063034188034;1,43687678062678;1,71838141025641;45
"1190";3;3;9;5,69951923076923;1,89983974358974;1,97171474358974;43
"1191";4;3;9;4,31063034188034;1,43687678062678;1,71838141025641;45
"1192";7;3;16;10,1591151903652;1,69318586506087;1,84590787684538;68
"1193";2;3;4;2,875;1,4375;1,69604166666667;19
"1194";1;3;3;1,5;1,5;1,7575;11
"1195";1;3;3;1,5;1,5;1,7575;11
"1197";1;3;3;1,5;1,5;1,7575;11
"1198";1;3;3;1,5;1,5;1,7575;11
"1233";2;3;6;4,46875;2,234375;2,1246875;23
"1234";2;3;6;4,46875;2,234375;2,1246875;23
"1237";1;3;3;1,46875;1,46875;1,709375;17
"1238";2;3;6;3,19951923076923;1,59975961538462;1,82257211538462;35
"1239";2;3;6;3,19951923076923;1,59975961538462;1,82257211538462;35
"1240";3;3;9;6,19951923076923;2,06650641025641;2,06171474358974;41
"1241";1;3;3;1,73076923076923;1,73076923076923;1,93576923076923;18
"1242";3;3;9;4,31063034188034;1,43687678062678;1,71838141025641;45
"1243";7;3;16;10,8106303418803;1,80177172364672;1,90419070512821;60
"1244";2;3;6;3,57925407925408;1,78962703962704;1,92803613053613;34
"1245";2;3;3;1,73076923076923;1,73076923076923;1,93576923076923;18
"1246";2;3;3;1,73076923076923;1,73076923076923;1,93576923076923;18
"1247";1;3;3;1,5;1,5;1,7575;11
"1248";1;3;3;1,5;1,5;1,7575;11
"1285";1;3;3;3;3;2,54;6
"1286";2;3;6;4,46875;2,234375;2,1246875;23
"1290";1;3;3;1,46875;1,46875;1,709375;17
"1291";1;3;3;1,46875;1,46875;1,709375;17
"1292";2;3;6;3,19951923076923;1,59975961538462;1,82257211538462;35
"1293";3;3;9;5,69951923076923;1,89983974358974;1,97171474358974;43
"1294";2;3;6;3,19951923076923;1,59975961538462;1,82257211538462;35
"1295";2;3;6;3,19951923076923;1,59975961538462;1,82257211538462;35
"1296";4;3;12;6,15911519036519;1,5397787975913;1,76886181526807;61
"1297";2;3;6;3,57925407925408;1,78962703962704;1,92803613053613;34
"1298";2;3;6;3,57925407925408;1,78962703962704;1,92803613053613;34
"1299";2;3;6;3,57925407925408;1,78962703962704;1,92803613053613;34
"1302";1;3;3;1,5;1,5;1,7575;11
"1303";1;3;3;1,5;1,5;1,7575;11
"1304";1;3;3;1,5;1,5;1,7575;11
"1306";1;3;3;1,5;1,5;1,7575;11
"1332";1;3;3;3;3;2,54;6
"1338";1;3;3;1,46875;1,46875;1,709375;17
"1340";3;3;9;6,19951923076923;2,06650641025641;2,06171474358974;41
"1345";2;3;6;3,19951923076923;1,59975961538462;1,82257211538462;35
"1348";4;3;12;6,81063034188034;1,70265758547009;1,85628605769231;53
"1349";4;3;12;6,81063034188034;1,70265758547009;1,85628605769231;53
"1350";5;3;15;8,65911519036519;1,73182303807304;1,86908945221445;69
"1351";5;3;15;8,65911519036519;1,73182303807304;1,86908945221445;69
"1352";2;3;6;3,57925407925408;1,78962703962704;1,92803613053613;34
"1353";3;3;9;6,07925407925408;2,02641802641803;2,04202408702409;42
"1354";1;3;3;1,73076923076923;1,73076923076923;1,93576923076923;18
"1355";1;3;3;1,5;1,5;1,7575;11
"1356";1;3;3;1,5;1,5;1,7575;11
"1357";1;3;3;1,5;1,5;1,7575;11
"1362";1;3;3;1,5;1,5;1,7575;11
"1392";3;3;9;6,19951923076923;2,06650641025641;2,06171474358974;41
"1393";3;3;9;6,19951923076923;2,06650641025641;2,06171474358974;41
"1397";2;3;6;3,19951923076923;1,59975961538462;1,82257211538462;35
"1398";3;3;9;4,31063034188034;1,43687678062678;1,71838141025641;45
"1399";3;3;9;5,69951923076923;1,89983974358974;1,97171474358974;43
"1400";3;3;9;5,69951923076923;1,89983974358974;1,97171474358974;43
"1401";5;3;15;9,81063034188034;1,96212606837607;1,99302884615385;59
"1402";5;3;15;9,81063034188034;1,96212606837607;1,99302884615385;59
"1403";5;3;15;8,65911519036519;1,73182303807304;1,86908945221445;69
"1404";1;3;3;1,73076923076923;1,73076923076923;1,93576923076923;18
"1405";5;3;12;7,95425407925408;1,98856351981352;2,0145388986014;60
"1406";1;3;3;1,73076923076923;1,73076923076923;1,93576923076923;18
"1408";1;3;3;1,5;1,5;1,7575;11
"1439";2;3;6;3,19951923076923;1,59975961538462;1,82257211538462;35
"1440";2;3;6;3,96875;1,984375;1,9896875;25
"1444";1;3;3;3;3;2,54;6
"1447";2;3;6;3,19951923076923;1,59975961538462;1,82257211538462;35
"1448";3;3;9;5,69951923076923;1,89983974358974;1,97171474358974;43
"1449";4;3;12;6,81063034188034;1,70265758547009;1,85628605769231;53
"1450";4;3;12;6,81063034188034;1,70265758547009;1,85628605769231;53
"1451";4;3;12;6,81063034188034;1,70265758547009;1,85628605769231;53
"1452";3;3;9;5,69951923076923;1,89983974358974;1,97171474358974;43
"1453";2;3;6;3,19951923076923;1,59975961538462;1,82257211538462;35
"1454";1;3;3;1,73076923076923;1,73076923076923;1,93576923076923;18
"1455";3;3;9;5,69951923076923;1,89983974358974;1,97171474358974;43
"1456";3;3;9;5,04800407925408;1,68266802641803;1,85514908702409;51
"1457";3;3;6;3,57925407925408;1,78962703962704;1,92803613053613;34
"1459";1;3;3;1,5;1,5;1,7575;11
"1460";1;3;3;1,5;1,5;1,7575;11
"1461";1;3;3;1,5;1,5;1,7575;11
"1463";2;3;6;3,375;1,6875;1,84479166666667;29
"1464";3;3;9;5,10576923076923;1,70192307692308;1,87511752136752;47
"1465";1;3;3;1,875;1,875;1,93208333333333;18
"1495";1;3;3;1,46875;1,46875;1,709375;17
"1496";1;3;3;1,73076923076923;1,73076923076923;1,93576923076923;18
"1497";2;3;6;3,19951923076923;1,59975961538462;1,82257211538462;35
"1498";4;3;12;8,69951923076923;2,17487980769231;2,11378605769231;49
"1499";5;3;15;9,81063034188034;1,96212606837607;1,99302884615385;59
"1500";3;3;9;5,69951923076923;1,89983974358974;1,97171474358974;43
"1501";3;3;9;5,69951923076923;1,89983974358974;1,97171474358974;43
"1502";4;3;12;6,81063034188034;1,70265758547009;1,85628605769231;53
"1503";3;3;9;5,69951923076923;1,89983974358974;1,97171474358974;43
"1504";2;3;6;4,23076923076923;2,11538461538462;2,10288461538462;26
"1505";1;3;3;1,73076923076923;1,73076923076923;1,93576923076923;18
"1506";3;3;9;5,04800407925408;1,68266802641803;1,85514908702409;51
"1507";3;3;9;5,04800407925408;1,68266802641803;1,85514908702409;51
"1508";2;3;6;3,57925407925408;1,78962703962704;1,92803613053613;34
"1509";1;3;3;1,5;1,5;1,7575;11
"1510";2;3;6;3,375;1,6875;1,84479166666667;29
"1511";2;3;6;3,375;1,6875;1,84479166666667;29
"1512";2;3;6;3,375;1,6875;1,84479166666667;29
"1544";2;3;6;3,19951923076923;1,59975961538462;1,82257211538462;35
"1545";2;3;6;3,19951923076923;1,59975961538462;1,82257211538462;35
"1546";1;3;3;1,73076923076923;1,73076923076923;1,93576923076923;18
"1547";2;3;6;3,19951923076923;1,59975961538462;1,82257211538462;35
"1548";4;3;12;6,81063034188034;1,70265758547009;1,85628605769231;53
"1549";1;3;3;1,73076923076923;1,73076923076923;1,93576923076923;18
"1550";2;3;6;3,19951923076923;1,59975961538462;1,82257211538462;35
"1551";2;3;6;3,57925407925408;1,78962703962704;1,92803613053613;34
"1552";1;3;3;1,73076923076923;1,73076923076923;1,93576923076923;18
"1553";1;3;3;1,73076923076923;1,73076923076923;1,93576923076923;18
"1554";5;3;12;6,15911519036519;1,5397787975913;1,76886181526807;61
"1555";3;3;9;5,04800407925408;1,68266802641803;1,85514908702409;51
"1556";1;3;3;1,5;1,5;1,7575;11
"1557";1;3;3;1,5;1,5;1,7575;11
"1558";2;3;6;3,375;1,6875;1,84479166666667;29
"1559";3;3;9;5,22348484848485;1,74116161616162;1,86996212121212;45
"1591";2;3;6;3,19951923076923;1,59975961538462;1,82257211538462;35
"1594";2;3;6;3,19951923076923;1,59975961538462;1,82257211538462;35
"1595";2;3;6;3,19951923076923;1,59975961538462;1,82257211538462;35
"1596";1;3;3;1,73076923076923;1,73076923076923;1,93576923076923;18
"1597";2;3;6;3,19951923076923;1,59975961538462;1,82257211538462;35
"1598";1;3;3;1,73076923076923;1,73076923076923;1,93576923076923;18
"1599";1;3;3;1,73076923076923;1,73076923076923;1,93576923076923;18
"1600";1;3;3;1,73076923076923;1,73076923076923;1,93576923076923;18
"1602";2;3;6;3,375;1,6875;1,84479166666667;29
"1603";2;3;6;3,375;1,6875;1,84479166666667;29
"1604";4;3;12;6,21688034188034;1,55422008547009;1,78383814102564;57
"1605";2;3;6;3,60576923076923;1,80288461538462;1,93392628205128;36
"1637";3;3;9;4,34188034188034;1,44729344729345;1,73442307692308;39
"1639";1;3;3;1,73076923076923;1,73076923076923;1,93576923076923;18
"1641";1;3;3;1,73076923076923;1,73076923076923;1,93576923076923;18
"1642";1;3;3;1,73076923076923;1,73076923076923;1,93576923076923;18
"1643";1;3;3;1,73076923076923;1,73076923076923;1,93576923076923;18
"1644";1;3;3;1,73076923076923;1,73076923076923;1,93576923076923;18
"1646";2;3;6;3,375;1,6875;1,84479166666667;29
"1647";2;3;6;3,375;1,6875;1,84479166666667;29
"1648";6;3;15;10,6057692307692;2,12115384615385;2,08707051282051;61
"1649";4;3;12;7,71688034188034;1,92922008547009;1,97946314102564;52
"1677";1;3;3;1,73076923076923;1,73076923076923;1,93576923076923;18
"1678";2;3;6;3,19951923076923;1,59975961538462;1,82257211538462;35
"1679";3;3;9;5,34188034188034;1,78062678062678;1,90525641025641;36
"1680";5;3;15;9,15911519036519;1,83182303807304;1,92308945221445;67
"1681";6;3;18;11,3106303418803;1,88510505698006;1,95377403846154;70
"1682";5;3;15;9,18563034188034;1,83712606837607;1,92544551282051;69
"1683";1;3;3;2,5;2,5;2,27;8
"1684";1;3;3;1,73076923076923;1,73076923076923;1,93576923076923;18
"1685";1;3;3;1,73076923076923;1,73076923076923;1,93576923076923;18
"1686";1;3;3;1,73076923076923;1,73076923076923;1,93576923076923;18
"1688";1;3;3;1,73076923076923;1,73076923076923;1,93576923076923;18
"1689";2;3;6;3,375;1,6875;1,84479166666667;29
"1690";2;3;6;3,375;1,6875;1,84479166666667;29
"1691";2;3;6;3,375;1,6875;1,84479166666667;29
"1692";6;3;13;7,21688034188034;1,44337606837607;1,71907051282051;58
"1693";6;3;13;9,10576923076923;1,82115384615385;1,92507051282051;54
"1694";5;3;12;8,45425407925408;2,11356351981352;2,0820388986014;58
"1715";1;3;3;1,5;1,5;1,7575;11
"1720";1;3;3;1,73076923076923;1,73076923076923;1,93576923076923;18
"1723";1;3;3;1,73076923076923;1,73076923076923;1,93576923076923;18
"1724";4;3;12;7,31063034188034;1,82765758547009;1,92378605769231;51
"1725";6;3;16;10,1856303418803;1,69760505698006;1,84787126068376;70
"1726";3;3;9;4,31063034188034;1,43687678062678;1,71838141025641;45
"1727";3;3;9;4,31063034188034;1,43687678062678;1,71838141025641;45
"1728";3;3;9;5,84188034188034;1,94729344729345;1,99525641025641;34
"1729";3;3;9;5,84188034188034;1,94729344729345;1,99525641025641;34
"1730";3;3;9;4,34188034188034;1,44729344729345;1,73442307692308;39
"1731";3;3;9;5,45425407925408;1,81808469308469;1,9293851981352;52
"1733";2;3;6;3,375;1,6875;1,84479166666667;29
"1734";3;3;9;5,10576923076923;1,70192307692308;1,87511752136752;47
"1735";3;3;9;4,48611111111111;1,49537037037037;1,73319444444444;39
"1736";8;3;19;13,2168803418803;1,88812576312576;2,01790750915751;70
"1737";5;3;12;8,10576923076923;2,02644230769231;2,04133814102564;53
"1738";5;3;15;9,56536519036519;1,91307303807304;1,96763111888112;68
"1739";4;3;12;9,57925407925408;2,39481351981352;2,34651806526807;46
"1769";1;3;3;1,73076923076923;1,73076923076923;1,93576923076923;18
"1770";1;3;3;1,73076923076923;1,73076923076923;1,93576923076923;18
"1771";2;3;6;2,84188034188034;1,42094017094017;1,72288461538462;28
"1772";1;3;3;1,73076923076923;1,73076923076923;1,93576923076923;18
"1773";6;3;16;9,06536519036519;1,5108941983942;1,75260926573427;74
"1774";4;3;12;6,21688034188034;1,55422008547009;1,78383814102564;57
"1777";3;3;9;6,375;2,125;2,22652777777778;35
"1778";3;3;9;5,22348484848485;1,74116161616162;1,86996212121212;45
"1779";3;3;9;6,375;2,125;2,07652777777778;35
"1780";4;3;12;8,10576923076923;2,02644230769231;2,04133814102564;53
"1781";7;3;18;12,5653651903652;2,09422753172753;2,13802593240093;74
"1782";5;3;15;10,7168803418803;2,14337606837607;2,18157051282051;58
"1783";1;3;3;3;3;2,54;6
"1786";1;3;3;1,875;1,875;1,93208333333333;18
"1787";1;3;3;1,875;1,875;1,93208333333333;18
"1788";1;3;3;1,875;1,875;1,93208333333333;18
"1804";1;3;3;1,875;1,875;1,93208333333333;18
"1807";2;3;6;3,23076923076923;1,61538461538462;1,84663461538462;29
"1808";4;3;12;6,21688034188034;1,55422008547009;1,78383814102564;57
"1809";1;3;3;1,73076923076923;1,73076923076923;1,93576923076923;18
"1810";5;3;15;8,42300407925408;1,68460081585082;1,85100611888112;80
"1811";5;3;15;8,42300407925408;1,68460081585082;1,85100611888112;80
"1812";1;3;3;1,73076923076923;1,73076923076923;1,93576923076923;18
"1813";1;3;3;1,73076923076923;1,73076923076923;1,93576923076923;18
"1814";2;3;6;3,60576923076923;1,80288461538462;1,93392628205128;36
"1815";3;3;9;5,10576923076923;1,70192307692308;1,87511752136752;47
"1816";2;3;6;3,60576923076923;1,80288461538462;1,93392628205128;36
"1817";2;3;6;3,375;1,6875;1,84479166666667;29
"1818";5;3;10;7,375;1,84375;2,03489583333333;36
"1819";4;3;12;8,10576923076923;2,02644230769231;2,15383814102564;53
"1820";6;3;15;9,95425407925408;1,99085081585082;2,10713111888112;69
"1821";11;3;25;17,5653651903652;1,95170724337391;2,03507284382284;94
"1822";6;3;18;12,5653651903652;2,09422753172753;2,13802593240093;74
"1823";3;3;9;5,10576923076923;1,70192307692308;1,87511752136752;47
"1824";3;3;9;5,10576923076923;1,70192307692308;1,87511752136752;47
"1825";2;3;6;3,23076923076923;1,61538461538462;1,84663461538462;29
"1826";2;3;6;3,60576923076923;1,80288461538462;1,93392628205128;36
"1827";1;3;3;1,73076923076923;1,73076923076923;1,93576923076923;18
"1828";1;3;3;1,875;1,875;1,93208333333333;18
"1829";3;3;9;4,71688034188034;1,57229344729345;1,79261752136752;46
"1830";2;3;6;2,84188034188034;1,42094017094017;1,72288461538462;28
"1831";1;3;3;1,73076923076923;1,73076923076923;1,93576923076923;18
"1832";3;3;9;4,34188034188034;1,44729344729345;1,73442307692308;39
"1833";1;3;3;1,73076923076923;1,73076923076923;1,93576923076923;18
"1834";1;3;3;1,73076923076923;1,73076923076923;1,93576923076923;18
"1835";1;3;3;1,73076923076923;1,73076923076923;1,93576923076923;18
"1846";2;3;6;3,375;1,6875;1,84479166666667;29
"1847";4;3;12;6,19036519036519;1,5475912975913;1,78089306526807;55
"1848";3;3;9;5,10576923076923;1,70192307692308;1,87511752136752;47
"1849";4;3;12;6,84188034188034;1,71047008547009;1,86831730769231;47
"1850";10;3;22;13,5341151903652;1,69176439879565;1,8456288243007;97
"1851";10;3;24;15,0341151903652;1,87926439879565;1,9468788243007;104
"1852";5;3;15;8,06536519036519;1,61307303807304;1,81113111888112;73
"1853";5;3;15;8,06536519036519;1,61307303807304;1,81113111888112;73
"1854";3;3;9;5,10576923076923;1,70192307692308;1,87511752136752;47
"1855";2;3;6;3,375;1,6875;1,84479166666667;29
"1856";5;3;15;8,06536519036519;1,61307303807304;1,81113111888112;73
"1857";9;3;15;9,21688034188034;1,84337606837607;2,02507051282051;63
"1858";8;3;18;11,0653651903652;1,84422753172753;2,00760926573427;79
"1859";9;3;22;15,0653651903652;1,88317064879565;2,0057069493007;86
"1860";5;3;15;9,95425407925408;1,99085081585082;2,01713111888112;69
"1861";4;3;12;6,95425407925408;1,73856351981352;1,8864138986014;63
"1862";6;3;18;12,9542540792541;2,15904234654235;2,17927593240093;75
"1863";3;3;9;6,375;2,125;2,22652777777778;35
"1864";1;3;3;1,875;1,875;1,93208333333333;18
"1865";1;3;3;1,875;1,875;1,93208333333333;18
"1867";1;3;3;1,875;1,875;1,93208333333333;18
"1868";2;3;6;3,60576923076923;1,80288461538462;1,93392628205128;36
"1869";1;3;3;1,73076923076923;1,73076923076923;1,93576923076923;18
"1870";1;3;3;1,5;1,5;1,7575;11
"1871";2;3;6;3,60576923076923;1,80288461538462;1,93392628205128;36
"1872";1;3;3;1,73076923076923;1,73076923076923;1,93576923076923;18
"1873";1;3;3;1,73076923076923;1,73076923076923;1,93576923076923;18
"1874";3;3;9;5,10576923076923;1,70192307692308;1,87511752136752;47
"1875";7;3;19;11,6856303418803;1,66937576312576;1,83496108058608;81
"1876";6;3;16;8,68563034188034;1,44760505698006;1,71745459401709;75
"1880";1;3;3;1,73076923076923;1,73076923076923;1,93576923076923;18
"1881";2;3;6;3,60576923076923;1,80288461538462;1,93392628205128;36
"1882";3;3;9;5,10576923076923;1,70192307692308;1,87511752136752;47
"1883";3;3;9;5,10576923076923;1,70192307692308;1,87511752136752;47
"1884";3;3;9;5,10576923076923;1,70192307692308;1,87511752136752;47
"1885";2;3;6;3,375;1,6875;1,84479166666667;29
"1886";2;3;6;3,375;1,6875;1,84479166666667;29
"1887";3;3;9;6,375;2,125;2,07652777777778;35
"1888";5;3;15;8,06536519036519;1,61307303807304;1,81113111888112;73
"1889";5;3;15;9,95425407925408;1,99085081585082;2,01713111888112;69
"1890";4;3;12;6,95425407925408;1,73856351981352;1,8864138986014;63
"1891";1;3;3;1,5;1,5;1,7575;11
"1892";14;3;25;16,5341151903652;1,83712391004058;1,97278117715618;103
"1893";10;3;25;17,5653651903652;1,95170724337391;2,03507284382284;94
"1894";16;3;28;19,0341151903652;1,90341151903652;2,00250305944056;111
"1895";8;3;19;10,5341151903652;1,5048735986236;1,74643294205794;91
"1896";6;3;18;11,0653651903652;1,84422753172753;2,00760926573427;79
"1897";3;3;9;5,10576923076923;1,70192307692308;1,87511752136752;47
"1898";5;3;12;6,95425407925408;1,73856351981352;1,8864138986014;63
"1899";6;3;15;9,95425407925408;1,99085081585082;2,10713111888112;69
"1900";4;3;12;8,10576923076923;2,02644230769231;2,04133814102564;53
"1901";4;3;12;6,21688034188034;1,55422008547009;1,78383814102564;57
"1902";4;3;12;6,21688034188034;1,55422008547009;1,78383814102564;57
"1903";5;3;12;6,21688034188034;1,55422008547009;1,78383814102564;57
"1904";3;3;9;5,10576923076923;1,70192307692308;1,87511752136752;47
"1905";5;3;15;9,57451923076923;1,91490384615385;1,97494551282051;70
"1906";5;3;15;7,68563034188034;1,53712606837607;1,76894551282051;74
"1907";7;3;16;9,06536519036519;1,5108941983942;1,75260926573427;74
"1908";8;3;16;9,06536519036519;1,5108941983942;1,75260926573427;74
"1909";10;3;22;15,0653651903652;1,88317064879565;2,0057069493007;86
"1910";9;3;19;11,5653651903652;1,65219502719503;1,82652222777223;82
"1911";10;3;25;16,0341151903652;1,78156835448502;1,94278117715618;105
"1912";7;3;13;7,21688034188034;1,44337606837607;1,71907051282051;58
"1913";7;3;16;9,06536519036519;1,5108941983942;1,75260926573427;74
"1914";9;3;19;12,0653651903652;1,7236235986236;1,86509365634366;80
"1915";7;3;19;12,0653651903652;1,7236235986236;1,86509365634366;80
"1916";7;3;19;12,0653651903652;1,7236235986236;1,92937937062937;80
"1917";6;3;18;11,0653651903652;1,84422753172753;2,00760926573427;79
"1918";7;3;18;11,0653651903652;1,84422753172753;2,00760926573427;79
"1919";6;3;16;9,06536519036519;1,5108941983942;1,75260926573427;74
"1920";7;3;16;10,9542540792541;1,82570901320901;1,99927593240093;70
"1921";5;3;12;6,95425407925408;1,73856351981352;1,8864138986014;63
"1925";1;3;3;1,5;1,5;1,7575;11
"1926";24;3;28;19,0341151903652;1,90341151903652;2,00250305944056;111
"1927";5;3;15;9,95425407925408;1,99085081585082;2,10713111888112;69
"1928";10;3;22;15,0653651903652;1,88317064879565;2,0057069493007;86
"1929";9;3;22;15,0653651903652;1,88317064879565;2,0057069493007;86
"1930";8;3;19;12,0653651903652;1,7236235986236;1,92937937062937;80
"1931";9;3;22;15,0653651903652;1,88317064879565;2,0057069493007;86
"1932";8;3;21;12,5341151903652;1,79058788433788;1,90071865634366;96
"1933";4;3;12;6,21688034188034;1,55422008547009;1,78383814102564;57
"1934";5;3;15;9,95425407925408;1,99085081585082;2,10713111888112;69
"1935";5;3;12;6,21688034188034;1,55422008547009;1,78383814102564;57
"1936";4;3;12;6,21688034188034;1,55422008547009;1,78383814102564;57
"1937";5;3;10;6,10576923076923;1,52644230769231;1,77133814102564;48
"1938";5;3;12;6,95425407925408;1,73856351981352;1,8864138986014;63
"1939";4;3;9;5,10576923076923;1,70192307692308;1,87511752136752;47
"1940";4;3;12;6,21688034188034;1,55422008547009;1,78383814102564;57
"1941";6;3;15;9,21688034188034;1,84337606837607;2,02507051282051;63
"1942";7;3;16;9,71688034188034;1,61948005698006;1,81089209401709;66
"1943";7;3;19;11,5653651903652;1,65219502719503;1,82652222777223;82
"1944";8;3;16;9,06536519036519;1,5108941983942;1,75260926573427;74
"1945";11;3;19;12,0653651903652;1,7236235986236;1,86509365634366;80
"1946";8;3;19;12,0653651903652;1,7236235986236;1,86509365634366;80
"1948";3;3;7;3,84188034188034;1,28062678062678;1,63525641025641;29
"1949";5;3;15;8,06536519036519;1,61307303807304;1,81113111888112;73
"1950";6;3;18;11,0653651903652;1,84422753172753;2,00760926573427;79
"1951";5;3;15;9,95425407925408;1,99085081585082;2,10713111888112;69
"1952";7;3;21;13,5653651903652;1,93790931290931;2,04509365634366;87
"1953";3;3;9;5,10576923076923;1,70192307692308;1,87511752136752;47
"1954";4;3;12;7,48611111111111;1,87152777777778;2,04739583333333;45
"1955";6;3;15;9,95425407925408;1,99085081585082;2,10713111888112;69
"1956";7;3;19;12,0653651903652;1,7236235986236;1,92937937062937;80
"1957";9;3;22;15,0653651903652;1,88317064879565;2,0057069493007;86
"1958";8;3;19;12,0653651903652;1,7236235986236;1,92937937062937;80
"1959";7;3;19;12,0653651903652;1,7236235986236;1,92937937062937;80
"1960";6;3;18;11,0653651903652;1,84422753172753;2,00760926573427;79
"1961";5;3;15;9,95425407925408;1,99085081585082;2,10713111888112;69
"1962";5;3;15;9,95425407925408;1,99085081585082;2,10713111888112;69
"1963";4;3;12;8,10576923076923;2,02644230769231;2,15383814102564;53
"1964";3;3;9;5,10576923076923;1,70192307692308;1,87511752136752;47
"1965";2;3;6;3,375;1,6875;1,84479166666667;29
"1966";3;3;9;5,10576923076923;1,70192307692308;1,87511752136752;47
"1967";3;3;9;5,10576923076923;1,70192307692308;1,87511752136752;47
"1968";2;3;6;3,375;1,6875;1,84479166666667;29
"1969";4;3;12;6,95425407925408;1,73856351981352;1,8864138986014;63
"1970";4;3;12;6,95425407925408;1,73856351981352;1,8864138986014;63
"1971";6;3;15;9,95425407925408;1,99085081585082;2,10713111888112;69
"1972";4;3;12;6,95425407925408;1,73856351981352;1,8864138986014;63
"1974";1;3;3;1,875;1,875;1,93208333333333;18
"1975";2;3;6;3,375;1,6875;1,84479166666667;29
"1976";2;3;6;3,375;1,6875;1,84479166666667;29
